state_canonical,state_code,year,population
Andaman and Nicobar Islands,AN,2011,381000
Andhra Pradesh,AP,2011,49697000
Arunachal Pradesh,AR,2011,1388000
Assam,AS,2011,31336000
Bihar,BR,2011,104771000
Chandigarh,CH,2011,1061000
Chhattisgarh,CG,2011,25680000
Dadra and Nagar Haveli and Daman and Diu,DN,2011,600000
Delhi,DL,2011,16914000
Goa,GA,2011,1462000
Gujarat,GJ,2011,60754000
Haryana,HR,2011,25492000
Himachal Pradesh,HP,2011,6884000
Jammu and Kashmir,JK,2011,12309000
Jharkhand,JH,2011,33176000
Karnataka,KA,2011,61304000
Kerala,KL,2011,33484000
Ladakh,LA,2011,275000
Lakshadweep,LD,2011,65000
Madhya Pradesh,MP,2011,73039000
Maharashtra,MH,2011,112798000
Manipur,MN,2011,2864000
Meghalaya,ML,2011,2975000
Mizoram,MZ,2011,1100000
Nagaland,NL,2011,1984000
Odisha,OR,2011,42051000
Puducherry,PY,2011,1258000
Punjab,PB,2011,27836000
Rajasthan,RJ,2011,68928000
Sikkim,SK,2011,612000
Tamil Nadu,TN,2011,72313000
Telangana,TG,2011,35077000
Tripura,TR,2011,3684000
Uttar Pradesh,UP,2011,200897000
Uttarakhand,UK,2011,10131000
West Bengal,WB,2011,91530000
Andaman and Nicobar Islands,AN,2012,384000
Andhra Pradesh,AP,2012,50056000
Arunachal Pradesh,AR,2012,1403000
Assam,AS,2012,31729000
Bihar,BR,2012,106787000
Chandigarh,CH,2012,1077000
Chhattisgarh,CG,2012,26086000
Dadra and Nagar Haveli and Daman and Diu,DN,2012,639000
Delhi,DL,2012,17292000
Goa,GA,2012,1473000
Gujarat,GJ,2012,61698000
Haryana,HR,2012,25912000
Himachal Pradesh,HP,2012,6943000
Jammu and Kashmir,JK,2012,12435000
Jharkhand,JH,2012,33738000
Karnataka,KA,2012,61931000
Kerala,KL,2012,33719000
Ladakh,LA,2012,278000
Lakshadweep,LD,2012,65000
Madhya Pradesh,MP,2012,74275000
Maharashtra,MH,2012,114068000
Manipur,MN,2012,2895000
Meghalaya,ML,2012,3007000
Mizoram,MZ,2012,1112000
Nagaland,NL,2012,2005000
Odisha,OR,2012,42282000
Puducherry,PY,2012,1289000
Punjab,PB,2012,28116000
Rajasthan,RJ,2012,70066000
Sikkim,SK,2012,619000
Tamil Nadu,TN,2012,72811000
Telangana,TG,2012,35368000
Tripura,TR,2012,3724000
Uttar Pradesh,UP,2012,204152000
Uttarakhand,UK,2012,10265000
West Bengal,WB,2012,92290000
Andaman and Nicobar Islands,AN,2013,386000
Andhra Pradesh,AP,2013,50414000
Arunachal Pradesh,AR,2013,1418000
Assam,AS,2013,32121000
Bihar,BR,2013,108802000
Chandigarh,CH,2013,1093000
Chhattisgarh,CG,2013,26491000
Dadra and Nagar Haveli and Daman and Diu,DN,2013,677000
Delhi,DL,2013,17670000
Goa,GA,2013,1483000
Gujarat,GJ,2013,62642000
Haryana,HR,2013,26333000
Himachal Pradesh,HP,2013,7002000
Jammu and Kashmir,JK,2013,12561000
Jharkhand,JH,2013,34300000
Karnataka,KA,2013,62558000
Kerala,KL,2013,33953000
Ladakh,LA,2013,280000
Lakshadweep,LD,2013,65000
Madhya Pradesh,MP,2013,75510000
Maharashtra,MH,2013,115339000
Manipur,MN,2013,2926000
Meghalaya,ML,2013,3040000
Mizoram,MZ,2013,1124000
Nagaland,NL,2013,2027000
Odisha,OR,2013,42513000
Puducherry,PY,2013,1320000
Punjab,PB,2013,28395000
Rajasthan,RJ,2013,71204000
Sikkim,SK,2013,626000
Tamil Nadu,TN,2013,73308000
Telangana,TG,2013,35660000
Tripura,TR,2013,3764000
Uttar Pradesh,UP,2013,207407000
Uttarakhand,UK,2013,10398000
West Bengal,WB,2013,93051000
Andaman and Nicobar Islands,AN,2014,388000
Andhra Pradesh,AP,2014,50773000
Arunachal Pradesh,AR,2014,1433000
Assam,AS,2014,32514000
Bihar,BR,2014,110817000
Chandigarh,CH,2014,1109000
Chhattisgarh,CG,2014,26896000
Dadra and Nagar Haveli and Daman and Diu,DN,2014,717000
Delhi,DL,2014,18047000
Goa,GA,2014,1494000
Gujarat,GJ,2014,63585000
Haryana,HR,2014,26754000
Himachal Pradesh,HP,2014,7061000
Jammu and Kashmir,JK,2014,12687000
Jharkhand,JH,2014,34863000
Karnataka,KA,2014,63184000
Kerala,KL,2014,34188000
Ladakh,LA,2014,283000
Lakshadweep,LD,2014,66000
Madhya Pradesh,MP,2014,76746000
Maharashtra,MH,2014,116609000
Manipur,MN,2014,2957000
Meghalaya,ML,2014,3072000
Mizoram,MZ,2014,1136000
Nagaland,NL,2014,2049000
Odisha,OR,2014,42743000
Puducherry,PY,2014,1351000
Punjab,PB,2014,28674000
Rajasthan,RJ,2014,72343000
Sikkim,SK,2014,632000
Tamil Nadu,TN,2014,73806000
Telangana,TG,2014,35951000
Tripura,TR,2014,3804000
Uttar Pradesh,UP,2014,210662000
Uttarakhand,UK,2014,10532000
West Bengal,WB,2014,93811000
Andaman and Nicobar Islands,AN,2015,390000
Andhra Pradesh,AP,2015,51132000
Arunachal Pradesh,AR,2015,1448000
Assam,AS,2015,32906000
Bihar,BR,2015,112832000
Chandigarh,CH,2015,1125000
Chhattisgarh,CG,2015,27301000
Dadra and Nagar Haveli and Daman and Diu,DN,2015,756000
Delhi,DL,2015,18425000
Goa,GA,2015,1505000
Gujarat,GJ,2015,64529000
Haryana,HR,2015,27175000
Himachal Pradesh,HP,2015,7119000
Jammu and Kashmir,JK,2015,12813000
Jharkhand,JH,2015,35425000
Karnataka,KA,2015,63811000
Kerala,KL,2015,34422000
Ladakh,LA,2015,286000
Lakshadweep,LD,2015,66000
Madhya Pradesh,MP,2015,77982000
Maharashtra,MH,2015,117880000
Manipur,MN,2015,2988000
Meghalaya,ML,2015,3105000
Mizoram,MZ,2015,1148000
Nagaland,NL,2015,2070000
Odisha,OR,2015,42974000
Puducherry,PY,2015,1381000
Punjab,PB,2015,28954000
Rajasthan,RJ,2015,73481000
Sikkim,SK,2015,639000
Tamil Nadu,TN,2015,74303000
Telangana,TG,2015,36243000
Tripura,TR,2015,3844000
Uttar Pradesh,UP,2015,213917000
Uttarakhand,UK,2015,10666000
West Bengal,WB,2015,94572000
Andaman and Nicobar Islands,AN,2016,392000
Andhra Pradesh,AP,2016,51466000
Arunachal Pradesh,AR,2016,1463000
Assam,AS,2016,33293000
Bihar,BR,2016,114770000
Chandigarh,CH,2016,1141000
Chhattisgarh,CG,2016,27700000
Dadra and Nagar Haveli and Daman and Diu,DN,2016,802000
Delhi,DL,2016,18803000
Goa,GA,2016,1515000
Gujarat,GJ,2016,65467000
Haryana,HR,2016,27590000
Himachal Pradesh,HP,2016,7174000
Jammu and Kashmir,JK,2016,12931000
Jharkhand,JH,2016,35978000
Karnataka,KA,2016,64403000
Kerala,KL,2016,34639000
Ladakh,LA,2016,288000
Lakshadweep,LD,2016,67000
Madhya Pradesh,MP,2016,79187000
Maharashtra,MH,2016,119107000
Manipur,MN,2016,3019000
Meghalaya,ML,2016,3137000
Mizoram,MZ,2016,1160000
Nagaland,NL,2016,2092000
Odisha,OR,2016,43188000
Puducherry,PY,2016,1413000
Punjab,PB,2016,29220000
Rajasthan,RJ,2016,74576000
Sikkim,SK,2016,646000
Tamil Nadu,TN,2016,74753000
Telangana,TG,2016,36525000
Tripura,TR,2016,3884000
Uttar Pradesh,UP,2016,217075000
Uttarakhand,UK,2016,10798000
West Bengal,WB,2016,95282000
Andaman and Nicobar Islands,AN,2017,394000
Andhra Pradesh,AP,2017,51749000
Arunachal Pradesh,AR,2017,1478000
Assam,AS,2017,33668000
Bihar,BR,2017,116551000
Chandigarh,CH,2017,1155000
Chhattisgarh,CG,2017,28084000
Dadra and Nagar Haveli and Daman and Diu,DN,2017,861000
Delhi,DL,2017,19182000
Goa,GA,2017,1524000
Gujarat,GJ,2017,66393000
Haryana,HR,2017,27996000
Himachal Pradesh,HP,2017,7221000
Jammu and Kashmir,JK,2017,13033000
Jharkhand,JH,2017,36512000
Karnataka,KA,2017,64926000
Kerala,KL,2017,34821000
Ladakh,LA,2017,290000
Lakshadweep,LD,2017,67000
Madhya Pradesh,MP,2017,80329000
Maharashtra,MH,2017,120249000
Manipur,MN,2017,3050000
Meghalaya,ML,2017,3169000
Mizoram,MZ,2017,1172000
Nagaland,NL,2017,2113000
Odisha,OR,2017,43369000
Puducherry,PY,2017,1447000
Punjab,PB,2017,29460000
Rajasthan,RJ,2017,75584000
Sikkim,SK,2017,652000
Tamil Nadu,TN,2017,75106000
Telangana,TG,2017,36778000
Tripura,TR,2017,3924000
Uttar Pradesh,UP,2017,220039000
Uttarakhand,UK,2017,10927000
West Bengal,WB,2017,95891000
Andaman and Nicobar Islands,AN,2018,396000
Andhra Pradesh,AP,2018,52032000
Arunachal Pradesh,AR,2018,1493000
Assam,AS,2018,34043000
Bihar,BR,2018,118333000
Chandigarh,CH,2018,1170000
Chhattisgarh,CG,2018,28468000
Dadra and Nagar Haveli and Daman and Diu,DN,2018,920000
Delhi,DL,2018,19561000
Goa,GA,2018,1534000
Gujarat,GJ,2018,67319000
Haryana,HR,2018,28401000
Himachal Pradesh,HP,2018,7268000
Jammu and Kashmir,JK,2018,13135000
Jharkhand,JH,2018,37047000
Karnataka,KA,2018,65450000
Kerala,KL,2018,35003000
Ladakh,LA,2018,292000
Lakshadweep,LD,2018,67000
Madhya Pradesh,MP,2018,81471000
Maharashtra,MH,2018,121391000
Manipur,MN,2018,3080000
Meghalaya,ML,2018,3200000
Mizoram,MZ,2018,1184000
Nagaland,NL,2018,2134000
Odisha,OR,2018,43550000
Puducherry,PY,2018,1481000
Punjab,PB,2018,29699000
Rajasthan,RJ,2018,76592000
Sikkim,SK,2018,659000
Tamil Nadu,TN,2018,75460000
Telangana,TG,2018,37030000
Tripura,TR,2018,3963000
Uttar Pradesh,UP,2018,223003000
Uttarakhand,UK,2018,11055000
West Bengal,WB,2018,96500000
Andaman and Nicobar Islands,AN,2019,398000
Andhra Pradesh,AP,2019,52315000
Arunachal Pradesh,AR,2019,1507000
Assam,AS,2019,34418000
Bihar,BR,2019,120114000
Chandigarh,CH,2019,1184000
Chhattisgarh,CG,2019,28852000
Dadra and Nagar Haveli and Daman and Diu,DN,2019,979000
Delhi,DL,2019,19940000
Goa,GA,2019,1543000
Gujarat,GJ,2019,68245000
Haryana,HR,2019,28807000
Himachal Pradesh,HP,2019,7315000
Jammu and Kashmir,JK,2019,13237000
Jharkhand,JH,2019,37581000
Karnataka,KA,2019,65973000
Kerala,KL,2019,35186000
Ladakh,LA,2019,294000
Lakshadweep,LD,2019,68000
Madhya Pradesh,MP,2019,82613000
Maharashtra,MH,2019,122533000
Manipur,MN,2019,3111000
Meghalaya,ML,2019,3232000
Mizoram,MZ,2019,1195000
Nagaland,NL,2019,2155000
Odisha,OR,2019,43732000
Puducherry,PY,2019,1515000
Punjab,PB,2019,29939000
Rajasthan,RJ,2019,77601000
Sikkim,SK,2019,665000
Tamil Nadu,TN,2019,75813000
Telangana,TG,2019,37283000
Tripura,TR,2019,4002000
Uttar Pradesh,UP,2019,225967000
Uttarakhand,UK,2019,11184000
West Bengal,WB,2019,97109000
Andaman and Nicobar Islands,AN,2020,399000
Andhra Pradesh,AP,2020,52599000
Arunachal Pradesh,AR,2020,1522000
Assam,AS,2020,34793000
Bihar,BR,2020,121895000
Chandigarh,CH,2020,1198000
Chhattisgarh,CG,2020,29237000
Dadra and Nagar Haveli and Daman and Diu,DN,2020,1038000
Delhi,DL,2020,20319000
Goa,GA,2020,1553000
Gujarat,GJ,2020,69171000
Haryana,HR,2020,29213000
Himachal Pradesh,HP,2020,7362000
Jammu and Kashmir,JK,2020,13340000
Jharkhand,JH,2020,38115000
Karnataka,KA,2020,66496000
Kerala,KL,2020,35368000
Ladakh,LA,2020,296000
Lakshadweep,LD,2020,68000
Madhya Pradesh,MP,2020,83755000
Maharashtra,MH,2020,123676000
Manipur,MN,2020,3142000
Meghalaya,ML,2020,3264000
Mizoram,MZ,2020,1207000
Nagaland,NL,2020,2177000
Odisha,OR,2020,43913000
Puducherry,PY,2020,1549000
Punjab,PB,2020,30179000
Rajasthan,RJ,2020,78609000
Sikkim,SK,2020,672000
Tamil Nadu,TN,2020,76167000
Telangana,TG,2020,37536000
Tripura,TR,2020,4042000
Uttar Pradesh,UP,2020,228931000
Uttarakhand,UK,2020,11313000
West Bengal,WB,2020,97719000
Andaman and Nicobar Islands,AN,2021,401000
Andhra Pradesh,AP,2021,52849000
Arunachal Pradesh,AR,2021,1537000
Assam,AS,2021,35155000
Bihar,BR,2021,123695000
Chandigarh,CH,2021,1212000
Chhattisgarh,CG,2021,29607000
Dadra and Nagar Haveli and Daman and Diu,DN,2021,1108000
Delhi,DL,2021,20703000
Goa,GA,2021,1561000
Gujarat,GJ,2021,70075000
Haryana,HR,2021,29604000
Himachal Pradesh,HP,2021,7406000
Jammu and Kashmir,JK,2021,13440000
Jharkhand,JH,2021,38637000
Karnataka,KA,2021,66986000
Kerala,KL,2021,35537000
Ladakh,LA,2021,298000
Lakshadweep,LD,2021,68000
Madhya Pradesh,MP,2021,84860000
Maharashtra,MH,2021,124762000
Manipur,MN,2021,3172000
Meghalaya,ML,2021,3295000
Mizoram,MZ,2021,1219000
Nagaland,NL,2021,2198000
Odisha,OR,2021,44076000
Puducherry,PY,2021,1584000
Punjab,PB,2021,30404000
Rajasthan,RJ,2021,79572000
Sikkim,SK,2021,678000
Tamil Nadu,TN,2021,76479000
Telangana,TG,2021,37771000
Tripura,TR,2021,4081000
Uttar Pradesh,UP,2021,231704000
Uttarakhand,UK,2021,11439000
West Bengal,WB,2021,98285000
Andaman and Nicobar Islands,AN,2022,402000
Andhra Pradesh,AP,2022,53033000
Arunachal Pradesh,AR,2022,1551000
Assam,AS,2022,35490000
Bihar,BR,2022,125532000
Chandigarh,CH,2022,1223000
Chhattisgarh,CG,2022,29951000
Dadra and Nagar Haveli and Daman and Diu,DN,2022,1201000
Delhi,DL,2022,21096000
Goa,GA,2022,1569000
Gujarat,GJ,2022,70934000
Haryana,HR,2022,29967000
Himachal Pradesh,HP,2022,7443000
Jammu and Kashmir,JK,2022,13538000
Jharkhand,JH,2022,39135000
Karnataka,KA,2022,67409000
Kerala,KL,2022,35680000
Ladakh,LA,2022,299000
Lakshadweep,LD,2022,69000
Madhya Pradesh,MP,2022,85891000
Maharashtra,MH,2022,125736000
Manipur,MN,2022,3201000
Meghalaya,ML,2022,3326000
Mizoram,MZ,2022,1230000
Nagaland,NL,2022,2218000
Odisha,OR,2022,44205000
Puducherry,PY,2022,1621000
Punjab,PB,2022,30600000
Rajasthan,RJ,2022,80444000
Sikkim,SK,2022,684000
Tamil Nadu,TN,2022,76707000
Telangana,TG,2022,37953000
Tripura,TR,2022,4118000
Uttar Pradesh,UP,2022,234094000
Uttarakhand,UK,2022,11557000
West Bengal,WB,2022,98764000
Andaman and Nicobar Islands,AN,2023,403000
Andhra Pradesh,AP,2023,53217000
Arunachal Pradesh,AR,2023,1565000
Assam,AS,2023,35824000
Bihar,BR,2023,127368000
Chandigarh,CH,2023,1235000
Chhattisgarh,CG,2023,30294000
Dadra and Nagar Haveli and Daman and Diu,DN,2023,1293000
Delhi,DL,2023,21490000
Goa,GA,2023,1577000
Gujarat,GJ,2023,71794000
Haryana,HR,2023,30331000
Himachal Pradesh,HP,2023,7480000
Jammu and Kashmir,JK,2023,13636000
Jharkhand,JH,2023,39632000
Karnataka,KA,2023,67833000
Kerala,KL,2023,35824000
Ladakh,LA,2023,301000
Lakshadweep,LD,2023,69000
Madhya Pradesh,MP,2023,86923000
Maharashtra,MH,2023,126710000
Manipur,MN,2023,3231000
Meghalaya,ML,2023,3356000
Mizoram,MZ,2023,1241000
Nagaland,NL,2023,2238000
Odisha,OR,2023,44334000
Puducherry,PY,2023,1658000
Punjab,PB,2023,30796000
Rajasthan,RJ,2023,81316000
Sikkim,SK,2023,691000
Tamil Nadu,TN,2023,76936000
Telangana,TG,2023,38135000
Tripura,TR,2023,4156000
Uttar Pradesh,UP,2023,236484000
Uttarakhand,UK,2023,11676000
West Bengal,WB,2023,99243000
Andaman and Nicobar Islands,AN,2024,404000
Andhra Pradesh,AP,2024,53402000
Arunachal Pradesh,AR,2024,1580000
Assam,AS,2024,36159000
Bihar,BR,2024,129205000
Chandigarh,CH,2024,1247000
Chhattisgarh,CG,2024,30638000
Dadra and Nagar Haveli and Daman and Diu,DN,2024,1387000
Delhi,DL,2024,21884000
Goa,GA,2024,1585000
Gujarat,GJ,2024,72653000
Haryana,HR,2024,30694000
Himachal Pradesh,HP,2024,7518000
Jammu and Kashmir,JK,2024,13733000
Jharkhand,JH,2024,40129000
Karnataka,KA,2024,68256000
Kerala,KL,2024,35967000
Ladakh,LA,2024,302000
Lakshadweep,LD,2024,69000
Madhya Pradesh,MP,2024,87954000
Maharashtra,MH,2024,127684000
Manipur,MN,2024,3260000
Meghalaya,ML,2024,3387000
Mizoram,MZ,2024,1252000
Nagaland,NL,2024,2258000
Odisha,OR,2024,44463000
Puducherry,PY,2024,1695000
Punjab,PB,2024,30992000
Rajasthan,RJ,2024,82188000
Sikkim,SK,2024,697000
Tamil Nadu,TN,2024,77165000
Telangana,TG,2024,38317000
Tripura,TR,2024,4194000
Uttar Pradesh,UP,2024,238875000
Uttarakhand,UK,2024,11795000
West Bengal,WB,2024,99723000
Andaman and Nicobar Islands,AN,2025,405000
Andhra Pradesh,AP,2025,53586000
Arunachal Pradesh,AR,2025,1594000
Assam,AS,2025,36493000
Bihar,BR,2025,131041000
Chandigarh,CH,2025,1259000
Chhattisgarh,CG,2025,30982000
Dadra and Nagar Haveli and Daman and Diu,DN,2025,1479000
Delhi,DL,2025,22277000
Goa,GA,2025,1593000
Gujarat,GJ,2025,73513000
Haryana,HR,2025,31057000
Himachal Pradesh,HP,2025,7555000
Jammu and Kashmir,JK,2025,13831000
Jharkhand,JH,2025,40626000
Karnataka,KA,2025,68679000
Kerala,KL,2025,36111000
Ladakh,LA,2025,304000
Lakshadweep,LD,2025,69000
Madhya Pradesh,MP,2025,88985000
Maharashtra,MH,2025,128659000
Manipur,MN,2025,3289000
Meghalaya,ML,2025,3417000
Mizoram,MZ,2025,1264000
Nagaland,NL,2025,2279000
Odisha,OR,2025,44591000
Puducherry,PY,2025,1732000
Punjab,PB,2025,31188000
Rajasthan,RJ,2025,83060000
Sikkim,SK,2025,703000
Tamil Nadu,TN,2025,77394000
Telangana,TG,2025,38499000
Tripura,TR,2025,4232000
Uttar Pradesh,UP,2025,241265000
Uttarakhand,UK,2025,11913000
West Bengal,WB,2025,100202000
Andaman and Nicobar Islands,AN,2026,406000
Andhra Pradesh,AP,2026,53740000
Arunachal Pradesh,AR,2026,1608000
Assam,AS,2026,36815000
Bihar,BR,2026,132850000
Chandigarh,CH,2026,1270000
Chhattisgarh,CG,2026,31311000
Dadra and Nagar Haveli and Daman and Diu,DN,2026,1593000
Delhi,DL,2026,22674000
Goa,GA,2026,1601000
Gujarat,GJ,2026,74343000
Haryana,HR,2026,31409000
Himachal Pradesh,HP,2026,7588000
Jammu and Kashmir,JK,2026,13927000
Jharkhand,JH,2026,41108000
Karnataka,KA,2026,69074000
Kerala,KL,2026,36239000
Ladakh,LA,2026,306000
Lakshadweep,LD,2026,70000
Madhya Pradesh,MP,2026,89965000
Maharashtra,MH,2026,129584000
Manipur,MN,2026,3318000
Meghalaya,ML,2026,3447000
Mizoram,MZ,2026,1275000
Nagaland,NL,2026,2299000
Odisha,OR,2026,44699000
Puducherry,PY,2026,1771000
Punjab,PB,2026,31370000
Rajasthan,RJ,2026,83879000
Sikkim,SK,2026,709000
Tamil Nadu,TN,2026,77582000
Telangana,TG,2026,38665000
Tripura,TR,2026,4268000
Uttar Pradesh,UP,2026,243466000
Uttarakhand,UK,2026,12028000
West Bengal,WB,2026,100631000
Andaman and Nicobar Islands,AN,2027,407000
Andhra Pradesh,AP,2027,53833000
Arunachal Pradesh,AR,2027,1620000
Assam,AS,2027,37111000
Bihar,BR,2027,134605000
Chandigarh,CH,2027,1281000
Chhattisgarh,CG,2027,31613000
Dadra and Nagar Haveli and Daman and Diu,DN,2027,1747000
Delhi,DL,2027,23076000
Goa,GA,2027,1608000
Gujarat,GJ,2027,75112000
Haryana,HR,2027,31738000
Himachal Pradesh,HP,2027,7615000
Jammu and Kashmir,JK,2027,14020000
Jharkhand,JH,2027,41558000
Karnataka,KA,2027,69412000
Kerala,KL,2027,36337000
Ladakh,LA,2027,307000
Lakshadweep,LD,2027,70000
Madhya Pradesh,MP,2027,90842000
Maharashtra,MH,2027,130413000
Manipur,MN,2027,3344000
Meghalaya,ML,2027,3474000
Mizoram,MZ,2027,1285000
Nagaland,NL,2027,2317000
Odisha,OR,2027,44766000
Puducherry,PY,2027,1811000
Punjab,PB,2027,31523000
Rajasthan,RJ,2027,84590000
Sikkim,SK,2027,715000
Tamil Nadu,TN,2027,77689000
Telangana,TG,2027,38779000
Tripura,TR,2027,4302000
Uttar Pradesh,UP,2027,245287000
Uttarakhand,UK,2027,12134000
West Bengal,WB,2027,100960000
Andaman and Nicobar Islands,AN,2028,408000
Andhra Pradesh,AP,2028,53926000
Arunachal Pradesh,AR,2028,1633000
Assam,AS,2028,37407000
Bihar,BR,2028,136361000
Chandigarh,CH,2028,1291000
Chhattisgarh,CG,2028,31915000
Dadra and Nagar Haveli and Daman and Diu,DN,2028,1902000
Delhi,DL,2028,23479000
Goa,GA,2028,1615000
Gujarat,GJ,2028,75881000
Haryana,HR,2028,32068000
Himachal Pradesh,HP,2028,7641000
Jammu and Kashmir,JK,2028,14113000
Jharkhand,JH,2028,42009000
Karnataka,KA,2028,69750000
Kerala,KL,2028,36434000
Ladakh,LA,2028,308000
Lakshadweep,LD,2028,70000
Madhya Pradesh,MP,2028,91719000
Maharashtra,MH,2028,131241000
Manipur,MN,2028,3371000
Meghalaya,ML,2028,3502000
Mizoram,MZ,2028,1295000
Nagaland,NL,2028,2335000
Odisha,OR,2028,44832000
Puducherry,PY,2028,1852000
Punjab,PB,2028,31677000
Rajasthan,RJ,2028,85301000
Sikkim,SK,2028,721000
Tamil Nadu,TN,2028,77796000
Telangana,TG,2028,38893000
Tripura,TR,2028,4336000
Uttar Pradesh,UP,2028,247107000
Uttarakhand,UK,2028,12241000
West Bengal,WB,2028,101290000
Andaman and Nicobar Islands,AN,2029,409000
Andhra Pradesh,AP,2029,54020000
Arunachal Pradesh,AR,2029,1646000
Assam,AS,2029,37703000
Bihar,BR,2029,138116000
Chandigarh,CH,2029,1301000
Chhattisgarh,CG,2029,32216000
Dadra and Nagar Haveli and Daman and Diu,DN,2029,2057000
Delhi,DL,2029,23882000
Goa,GA,2029,1622000
Gujarat,GJ,2029,76650000
Haryana,HR,2029,32397000
Himachal Pradesh,HP,2029,7668000
Jammu and Kashmir,JK,2029,14206000
Jharkhand,JH,2029,42459000
Karnataka,KA,2029,70088000
Kerala,KL,2029,36532000
Ladakh,LA,2029,309000
Lakshadweep,LD,2029,70000
Madhya Pradesh,MP,2029,92595000
Maharashtra,MH,2029,132070000
Manipur,MN,2029,3397000
Meghalaya,ML,2029,3529000
Mizoram,MZ,2029,1305000
Nagaland,NL,2029,2354000
Odisha,OR,2029,44898000
Puducherry,PY,2029,1893000
Punjab,PB,2029,31831000
Rajasthan,RJ,2029,86012000
Sikkim,SK,2029,726000
Tamil Nadu,TN,2029,77903000
Telangana,TG,2029,39007000
Tripura,TR,2029,4371000
Uttar Pradesh,UP,2029,248928000
Uttarakhand,UK,2029,12347000
West Bengal,WB,2029,101619000
Andaman and Nicobar Islands,AN,2030,410000
Andhra Pradesh,AP,2030,54113000
Arunachal Pradesh,AR,2030,1659000
Assam,AS,2030,37999000
Bihar,BR,2030,139871000
Chandigarh,CH,2030,1311000
Chhattisgarh,CG,2030,32518000
Dadra and Nagar Haveli and Daman and Diu,DN,2030,2211000
Delhi,DL,2030,24284000
Goa,GA,2030,1629000
Gujarat,GJ,2030,77419000
Haryana,HR,2030,32726000
Himachal Pradesh,HP,2030,7694000
Jammu and Kashmir,JK,2030,14299000
Jharkhand,JH,2030,42909000
Karnataka,KA,2030,70426000
Kerala,KL,2030,36630000
Ladakh,LA,2030,311000
Lakshadweep,LD,2030,70000
Madhya Pradesh,MP,2030,93472000
Maharashtra,MH,2030,132899000
Manipur,MN,2030,3424000
Meghalaya,ML,2030,3557000
Mizoram,MZ,2030,1315000
Nagaland,NL,2030,2372000
Odisha,OR,2030,44964000
Puducherry,PY,2030,1934000
Punjab,PB,2030,31984000
Rajasthan,RJ,2030,86724000
Sikkim,SK,2030,732000
Tamil Nadu,TN,2030,78011000
Telangana,TG,2030,39121000
Tripura,TR,2030,4405000
Uttar Pradesh,UP,2030,250749000
Uttarakhand,UK,2030,12454000
West Bengal,WB,2030,101948000
Andaman and Nicobar Islands,AN,2031,411000
Andhra Pradesh,AP,2031,54180000
Arunachal Pradesh,AR,2031,1671000
Assam,AS,2031,38276000
Bihar,BR,2031,141543000
Chandigarh,CH,2031,1321000
Chhattisgarh,CG,2031,32810000
Dadra and Nagar Haveli and Daman and Diu,DN,2031,2406000
Delhi,DL,2031,24688000
Goa,GA,2031,1635000
Gujarat,GJ,2031,78157000
Haryana,HR,2031,33047000
Himachal Pradesh,HP,2031,7717000
Jammu and Kashmir,JK,2031,14387000
Jharkhand,JH,2031,43339000
Karnataka,KA,2031,70738000
Kerala,KL,2031,36712000
Ladakh,LA,2031,312000
Lakshadweep,LD,2031,71000
Madhya Pradesh,MP,2031,94307000
Maharashtra,MH,2031,133672000
Manipur,MN,2031,3449000
Meghalaya,ML,2031,3583000
Mizoram,MZ,2031,1325000
Nagaland,NL,2031,2389000
Odisha,OR,2031,45009000
Puducherry,PY,2031,1976000
Punjab,PB,2031,32125000
Rajasthan,RJ,2031,87422000
Sikkim,SK,2031,737000
Tamil Nadu,TN,2031,78081000
Telangana,TG,2031,39220000
Tripura,TR,2031,4437000
Uttar Pradesh,UP,2031,252432000
Uttarakhand,UK,2031,12554000
West Bengal,WB,2031,102218000
Andaman and Nicobar Islands,AN,2032,411000
Andhra Pradesh,AP,2032,54196000
Arunachal Pradesh,AR,2032,1681000
Assam,AS,2032,38517000
Bihar,BR,2032,143050000
Chandigarh,CH,2032,1329000
Chhattisgarh,CG,2032,33082000
Dadra and Nagar Haveli and Daman and Diu,DN,2032,2677000
Delhi,DL,2032,25096000
Goa,GA,2032,1641000
Gujarat,GJ,2032,78834000
Haryana,HR,2032,33352000
Himachal Pradesh,HP,2032,7731000
Jammu and Kashmir,JK,2032,14464000
Jharkhand,JH,2032,43728000
Karnataka,KA,2032,70997000
Kerala,KL,2032,36762000
Ladakh,LA,2032,313000
Lakshadweep,LD,2032,71000
Madhya Pradesh,MP,2032,95056000
Maharashtra,MH,2032,134334000
Manipur,MN,2032,3470000
Meghalaya,ML,2032,3605000
Mizoram,MZ,2032,1333000
Nagaland,NL,2032,2404000
Odisha,OR,2032,45013000
Puducherry,PY,2032,2020000
Punjab,PB,2032,32239000
Rajasthan,RJ,2032,88095000
Sikkim,SK,2032,742000
Tamil Nadu,TN,2032,78078000
Telangana,TG,2032,39272000
Tripura,TR,2032,4464000
Uttar Pradesh,UP,2032,253837000
Uttarakhand,UK,2032,12644000
West Bengal,WB,2032,102371000
Andaman and Nicobar Islands,AN,2033,412000
Andhra Pradesh,AP,2033,54211000
Arunachal Pradesh,AR,2033,1691000
Assam,AS,2033,38758000
Bihar,BR,2033,144557000
Chandigarh,CH,2033,1337000
Chhattisgarh,CG,2033,33355000
Dadra and Nagar Haveli and Daman and Diu,DN,2033,2948000
Delhi,DL,2033,25504000
Goa,GA,2033,1647000
Gujarat,GJ,2033,79511000
Haryana,HR,2033,33657000
Himachal Pradesh,HP,2033,7746000
Jammu and Kashmir,JK,2033,14541000
Jharkhand,JH,2033,44117000
Karnataka,KA,2033,71257000
Kerala,KL,2033,36813000
Ladakh,LA,2033,314000
Lakshadweep,LD,2033,71000
Madhya Pradesh,MP,2033,95806000
Maharashtra,MH,2033,134997000
Manipur,MN,2033,3491000
Meghalaya,ML,2033,3626000
Mizoram,MZ,2033,1341000
Nagaland,NL,2033,2418000
Odisha,OR,2033,45016000
Puducherry,PY,2033,2065000
Punjab,PB,2033,32353000
Rajasthan,RJ,2033,88768000
Sikkim,SK,2033,746000
Tamil Nadu,TN,2033,78075000
Telangana,TG,2033,39324000
Tripura,TR,2033,4491000
Uttar Pradesh,UP,2033,255242000
Uttarakhand,UK,2033,12734000
West Bengal,WB,2033,102524000
Andaman and Nicobar Islands,AN,2034,412000
Andhra Pradesh,AP,2034,54226000
Arunachal Pradesh,AR,2034,1701000
Assam,AS,2034,38998000
Bihar,BR,2034,146064000
Chandigarh,CH,2034,1346000
Chhattisgarh,CG,2034,33627000
Dadra and Nagar Haveli and Daman and Diu,DN,2034,3219000
Delhi,DL,2034,25911000
Goa,GA,2034,1653000
Gujarat,GJ,2034,80188000
Haryana,HR,2034,33961000
Himachal Pradesh,HP,2034,7761000
Jammu and Kashmir,JK,2034,14618000
Jharkhand,JH,2034,44506000
Karnataka,KA,2034,71516000
Kerala,KL,2034,36864000
Ladakh,LA,2034,314000
Lakshadweep,LD,2034,71000
Madhya Pradesh,MP,2034,96555000
Maharashtra,MH,2034,135659000
Manipur,MN,2034,3512000
Meghalaya,ML,2034,3648000
Mizoram,MZ,2034,1349000
Nagaland,NL,2034,2433000
Odisha,OR,2034,45020000
Puducherry,PY,2034,2109000
Punjab,PB,2034,32468000
Rajasthan,RJ,2034,89441000
Sikkim,SK,2034,751000
Tamil Nadu,TN,2034,78072000
Telangana,TG,2034,39376000
Tripura,TR,2034,4518000
Uttar Pradesh,UP,2034,256648000
Uttarakhand,UK,2034,12824000
West Bengal,WB,2034,102676000
Andaman and Nicobar Islands,AN,2035,413000
Andhra Pradesh,AP,2035,54242000
Arunachal Pradesh,AR,2035,1712000
Assam,AS,2035,39239000
Bihar,BR,2035,147571000
Chandigarh,CH,2035,1354000
Chhattisgarh,CG,2035,33899000
Dadra and Nagar Haveli and Daman and Diu,DN,2035,3491000
Delhi,DL,2035,26319000
Goa,GA,2035,1659000
Gujarat,GJ,2035,80865000
Haryana,HR,2035,34266000
Himachal Pradesh,HP,2035,7775000
Jammu and Kashmir,JK,2035,14696000
Jharkhand,JH,2035,44895000
Karnataka,KA,2035,71775000
Kerala,KL,2035,36915000
Ladakh,LA,2035,315000
Lakshadweep,LD,2035,71000
Madhya Pradesh,MP,2035,97305000
Maharashtra,MH,2035,136322000
Manipur,MN,2035,3532000
Meghalaya,ML,2035,3670000
Mizoram,MZ,2035,1357000
Nagaland,NL,2035,2447000
Odisha,OR,2035,45023000
Puducherry,PY,2035,2154000
Punjab,PB,2035,32582000
Rajasthan,RJ,2035,90114000
Sikkim,SK,2035,755000
Tamil Nadu,TN,2035,78069000
Telangana,TG,2035,39428000
Tripura,TR,2035,4544000
Uttar Pradesh,UP,2035,258053000
Uttarakhand,UK,2035,12914000
West Bengal,WB,2035,102829000
Andaman and Nicobar Islands,AN,2036,413000
Andhra Pradesh,AP,2036,54257000
Arunachal Pradesh,AR,2036,1722000
Assam,AS,2036,39479000
Bihar,BR,2036,149078000
Chandigarh,CH,2036,1362000
Chhattisgarh,CG,2036,34172000
Dadra and Nagar Haveli and Daman and Diu,DN,2036,3762000
Delhi,DL,2036,26727000
Goa,GA,2036,1665000
Gujarat,GJ,2036,81542000
Haryana,HR,2036,34570000
Himachal Pradesh,HP,2036,7790000
Jammu and Kashmir,JK,2036,14773000
Jharkhand,JH,2036,45285000
Karnataka,KA,2036,72034000
Kerala,KL,2036,36965000
Ladakh,LA,2036,316000
Lakshadweep,LD,2036,72000
Madhya Pradesh,MP,2036,98054000
Maharashtra,MH,2036,136985000
Manipur,MN,2036,3553000
Meghalaya,ML,2036,3692000
Mizoram,MZ,2036,1365000
Nagaland,NL,2036,2462000
Odisha,OR,2036,45026000
Puducherry,PY,2036,2198000
Punjab,PB,2036,32696000
Rajasthan,RJ,2036,90787000
Sikkim,SK,2036,760000
Tamil Nadu,TN,2036,78066000
Telangana,TG,2036,39480000
Tripura,TR,2036,4571000
Uttar Pradesh,UP,2036,259459000
Uttarakhand,UK,2036,13004000
West Bengal,WB,2036,102982000
